gender,parental_level_of_education,test_preparation_course,study_time,math_pre_score,biology_pre_score,chemistry_pre_score,physics_pre_score,english_pre_score,final_score
male,associate's degree,none,5-10 hrs,69,83,65,74,73,67
female,some college,none,5-10 hrs,64,62,44,70,66,61
male,high school,none,5-10 hrs,69,62,66,42,83,61
male,bachelor's degree,none,> 10 hrs,74,78,70,74,79,76
male,associate's degree,none,3-5 hrs,56,57,67,81,87,66
female,high school,none,0-3 hrs,80,70,67,69,63,57
male,bachelor's degree,none,> 10 hrs,64,69,58,71,68,70
male,bachelor's degree,none,3-5 hrs,58,71,47,52,75,58
male,bachelor's degree,none,5-10 hrs,70,64,75,58,73,66
female,associate's degree,completed,> 10 hrs,52,50,52,52,59,70
male,associate's degree,completed,0-3 hrs,56,70,66,36,65,55
male,some college,completed,> 10 hrs,40,48,37,30,54,57
male,bachelor's degree,completed,3-5 hrs,44,42,59,44,69,61
male,bachelor's degree,none,3-5 hrs,65,69,49,65,70,54
female,some high school,none,5-10 hrs,47,63,63,66,74,58
male,some high school,none,> 10 hrs,52,73,57,61,59,64
female,some college,none,0-3 hrs,47,57,62,68,67,53
female,bachelor's degree,completed,3-5 hrs,70,47,74,65,69,67
female,master's degree,none,5-10 hrs,74,79,63,83,77,72
male,high school,completed,5-10 hrs,54,61,49,53,69,66
female,some college,none,5-10 hrs,42,39,52,47,56,51
male,some college,completed,0-3 hrs,43,46,67,45,75,50
female,master's degree,none,3-5 hrs,62,83,56,61,65,57
female,bachelor's degree,none,3-5 hrs,56,60,63,52,66,56
female,bachelor's degree,none,5-10 hrs,58,63,52,61,61,62
female,some college,none,3-5 hrs,42,46,62,34,49,41
female,some college,none,3-5 hrs,60,44,43,44,64,48
female,high school,none,> 10 hrs,77,67,65,70,80,69
female,some high school,completed,0-3 hrs,76,72,57,67,77,57
female,bachelor's degree,none,> 10 hrs,55,57,36,49,57,55
male,bachelor's degree,none,5-10 hrs,62,61,60,64,58,62
male,master's degree,none,5-10 hrs,51,57,52,43,55,54
female,master's degree,completed,3-5 hrs,64,65,60,58,70,64
female,some college,none,0-3 hrs,52,46,51,64,68,41
female,associate's degree,none,5-10 hrs,70,77,94,83,67,73
male,bachelor's degree,none,5-10 hrs,45,29,39,55,46,49
female,bachelor's degree,none,5-10 hrs,52,46,62,53,66,61
male,high school,completed,0-3 hrs,60,76,61,76,60,66
male,some college,none,5-10 hrs,56,73,67,53,66,59
male,some high school,none,5-10 hrs,84,98,93,84,97,80
male,master's degree,completed,5-10 hrs,59,60,63,41,68,69
male,associate's degree,none,5-10 hrs,54,49,65,65,59,60
female,high school,none,5-10 hrs,56,63,71,51,67,60
female,associate's degree,none,5-10 hrs,47,32,42,38,44,37
female,associate's degree,completed,0-3 hrs,64,60,43,50,72,54
female,some college,none,3-5 hrs,39,62,50,57,72,50
female,some high school,completed,0-3 hrs,81,89,95,68,92,78
male,associate's degree,none,3-5 hrs,64,57,54,41,49,51
female,some college,none,3-5 hrs,55,71,70,64,72,59
female,associate's degree,none,0-3 hrs,60,44,66,39,61,46
male,some college,completed,3-5 hrs,79,93,85,73,91,82
female,bachelor's degree,none,0-3 hrs,61,56,52,36,63,48
male,some college,completed,5-10 hrs,76,91,65,68,92,83
female,some college,completed,> 10 hrs,60,74,78,72,80,82
male,bachelor's degree,none,0-3 hrs,67,83,62,47,71,56
female,some college,none,> 10 hrs,68,64,68,50,68,66
female,some high school,none,3-5 hrs,66,76,57,65,71,59
male,some high school,none,3-5 hrs,32,41,37,32,48,34
male,associate's degree,completed,0-3 hrs,58,62,59,77,70,64
male,associate's degree,completed,3-5 hrs,77,75,75,89,86,84
male,associate's degree,none,5-10 hrs,64,59,53,51,65,59
male,high school,none,5-10 hrs,49,50,55,49,55,48
male,some high school,completed,0-3 hrs,59,65,57,67,76,62
male,some high school,none,0-3 hrs,94,89,70,75,98,65
male,some college,completed,3-5 hrs,70,82,77,61,84,71
female,some college,none,3-5 hrs,68,72,62,60,67,59
female,some college,completed,3-5 hrs,85,85,75,70,82,80
male,some college,none,3-5 hrs,64,54,69,52,57,49
female,bachelor's degree,none,5-10 hrs,42,53,40,44,48,47
female,high school,none,> 10 hrs,49,46,50,42,64,51
female,some college,none,3-5 hrs,92,90,72,68,93,72
female,associate's degree,none,> 10 hrs,50,68,66,58,64,67
male,some college,completed,3-5 hrs,54,48,61,61,68,62
female,associate's degree,completed,3-5 hrs,58,64,56,45,60,60
male,bachelor's degree,none,3-5 hrs,97,86,70,93,97,78
female,bachelor's degree,none,5-10 hrs,87,80,94,62,88,75
female,some high school,none,> 10 hrs,83,100,79,81,94,88
female,bachelor's degree,none,5-10 hrs,60,59,56,56,65,62
male,some college,none,3-5 hrs,63,64,69,58,73,56
female,high school,none,5-10 hrs,41,49,35,37,48,44
male,some college,none,0-3 hrs,90,90,68,97,92,73
female,master's degree,none,> 10 hrs,40,51,31,38,53,50
male,some college,none,3-5 hrs,80,78,71,88,83,72
female,high school,none,3-5 hrs,58,58,45,52,67,47
male,associate's degree,completed,5-10 hrs,66,42,79,54,56,66
male,high school,none,5-10 hrs,51,52,44,55,60,51
female,some high school,completed,0-3 hrs,56,55,48,79,58,53
male,some high school,none,5-10 hrs,47,64,52,44,61,53
female,some high school,none,3-5 hrs,54,39,58,43,77,52
female,high school,completed,5-10 hrs,78,97,69,63,77,78
female,some high school,completed,5-10 hrs,62,57,54,48,59,56
female,associate's degree,completed,5-10 hrs,58,70,57,46,76,63
female,high school,none,5-10 hrs,76,91,66,75,77,71
female,high school,none,3-5 hrs,57,79,42,71,57,52
female,bachelor's degree,completed,0-3 hrs,45,65,36,53,52,52
female,some college,none,5-10 hrs,66,71,56,55,61,60
female,associate's degree,none,3-5 hrs,73,82,74,68,64,60
female,high school,none,3-5 hrs,65,68,60,72,76,54
female,high school,none,3-5 hrs,55,56,66,46,78,54
male,some high school,completed,0-3 hrs,64,66,78,85,76,68
male,high school,none,5-10 hrs,51,48,47,67,46,49
female,high school,none,0-3 hrs,71,64,56,71,73,49
female,high school,none,5-10 hrs,66,71,63,65,71,65
female,some high school,none,3-5 hrs,55,49,54,67,59,53
female,some high school,none,0-3 hrs,57,58,47,61,65,46
female,some college,none,3-5 hrs,67,56,46,42,65,47
female,high school,none,0-3 hrs,72,74,64,62,68,55
female,some college,completed,3-5 hrs,87,77,74,62,89,73
female,some college,none,5-10 hrs,46,83,50,57,73,63
male,associate's degree,none,0-3 hrs,71,83,70,73,88,65
female,some high school,completed,5-10 hrs,31,31,40,22,65,40
male,associate's degree,completed,0-3 hrs,46,61,48,49,56,51
female,associate's degree,none,3-5 hrs,58,61,72,47,89,60
female,some high school,none,5-10 hrs,63,47,44,41,56,47
male,bachelor's degree,none,3-5 hrs,61,45,38,55,54,47
female,bachelor's degree,completed,0-3 hrs,58,62,58,45,64,54
male,some high school,completed,3-5 hrs,56,65,59,61,69,63
female,high school,completed,3-5 hrs,61,72,63,42,70,60
female,bachelor's degree,none,5-10 hrs,40,48,16,36,33,32
male,associate's degree,completed,3-5 hrs,40,52,48,35,42,47
female,high school,none,5-10 hrs,42,52,61,46,71,56
male,high school,none,> 10 hrs,63,76,56,64,75,66
female,some college,none,3-5 hrs,31,39,18,29,38,34
male,some college,completed,> 10 hrs,63,57,70,46,67,72
male,associate's degree,none,3-5 hrs,41,54,50,39,71,48
female,some college,completed,> 10 hrs,80,96,72,95,75,90
female,some college,none,0-3 hrs,61,64,40,50,69,47
male,associate's degree,none,5-10 hrs,76,76,64,64,72,68
female,some high school,none,3-5 hrs,72,62,62,72,72,57
female,high school,none,3-5 hrs,44,31,43,70,51,44
female,associate's degree,completed,5-10 hrs,67,71,61,57,70,69
male,bachelor's degree,none,5-10 hrs,52,68,53,68,65,58
male,some college,completed,0-3 hrs,67,64,72,60,62,58
male,some college,completed,0-3 hrs,100,100,100,100,100,98
male,some high school,completed,5-10 hrs,51,28,25,28,54,47
male,some college,none,5-10 hrs,91,78,92,70,89,80
male,some college,none,> 10 hrs,64,68,59,57,57,60
male,high school,none,5-10 hrs,71,75,75,49,70,66
male,high school,completed,> 10 hrs,60,63,61,69,59,71
male,some college,completed,5-10 hrs,58,53,37,56,57,61
female,some high school,none,3-5 hrs,71,51,54,58,65,48
male,high school,completed,0-3 hrs,61,67,75,60,65,62
female,high school,none,5-10 hrs,59,53,37,39,59,47
female,high school,none,5-10 hrs,71,83,68,72,78,67
female,some high school,none,0-3 hrs,70,58,56,44,65,49
male,bachelor's degree,completed,3-5 hrs,40,44,26,43,54,43
male,some college,none,> 10 hrs,64,63,70,47,70,67
male,associate's degree,completed,3-5 hrs,74,75,70,67,90,77
male,associate's degree,completed,3-5 hrs,47,56,60,33,65,53
female,some college,completed,3-5 hrs,71,81,66,78,78,72
male,some high school,none,3-5 hrs,64,64,64,45,59,50
male,some college,none,3-5 hrs,67,77,75,81,82,68
male,some college,none,3-5 hrs,61,65,69,79,75,61
male,associate's degree,none,0-3 hrs,86,90,78,70,92,72
male,some college,none,5-10 hrs,62,73,67,48,65,66
female,some high school,completed,3-5 hrs,77,72,56,94,74,70
male,high school,none,5-10 hrs,73,78,69,79,66,63
female,some college,none,> 10 hrs,80,92,69,76,88,83
male,associate's degree,none,3-5 hrs,71,71,64,54,70,65
female,some college,none,5-10 hrs,75,78,73,63,87,73
male,some college,none,3-5 hrs,59,69,65,62,58,52
male,master's degree,none,> 10 hrs,51,77,62,53,78,69
female,associate's degree,completed,3-5 hrs,63,71,50,41,68,58
female,high school,none,5-10 hrs,65,66,59,50,77,62
female,some high school,completed,5-10 hrs,71,62,66,59,62,64
male,high school,completed,3-5 hrs,71,71,66,52,73,65
female,high school,none,0-3 hrs,74,75,91,79,91,64
male,high school,completed,5-10 hrs,78,77,78,62,71,77
male,high school,none,5-10 hrs,80,86,65,63,84,70
female,high school,completed,3-5 hrs,71,44,51,64,73,62
female,high school,none,5-10 hrs,61,68,53,52,58,56
male,bachelor's degree,completed,3-5 hrs,82,87,55,72,90,75
male,some high school,completed,5-10 hrs,75,73,86,80,79,82
female,some college,completed,0-3 hrs,85,89,84,83,93,80
female,some college,completed,> 10 hrs,67,59,65,68,47,69
female,master's degree,none,3-5 hrs,51,74,47,53,84,65
male,some high school,none,3-5 hrs,42,55,53,37,60,44
male,some college,none,0-3 hrs,54,51,76,43,63,47
male,master's degree,none,0-3 hrs,79,83,64,68,68,67
male,bachelor's degree,completed,3-5 hrs,69,59,63,65,66,73
male,bachelor's degree,none,3-5 hrs,67,75,70,81,67,65
male,high school,completed,5-10 hrs,43,58,48,68,70,64
female,high school,none,0-3 hrs,65,84,70,46,76,53
male,associate's degree,completed,3-5 hrs,58,61,55,58,49,59
male,bachelor's degree,none,3-5 hrs,70,62,59,43,78,57
male,some college,completed,0-3 hrs,32,20,36,34,39,34
female,some college,completed,0-3 hrs,60,61,47,55,74,58
male,high school,none,3-5 hrs,35,50,31,48,50,40
male,associate's degree,none,3-5 hrs,83,83,78,62,74,69
female,high school,completed,3-5 hrs,67,86,72,82,86,73
male,high school,none,3-5 hrs,88,78,62,51,73,59
male,some college,none,5-10 hrs,87,93,87,72,78,77
male,some college,none,0-3 hrs,48,58,55,39,68,43
male,high school,none,3-5 hrs,81,76,90,64,100,75
male,some high school,none,> 10 hrs,75,76,73,73,80,70
female,associate's degree,none,3-5 hrs,60,72,64,76,82,63
female,high school,none,5-10 hrs,87,80,73,100,84,81
female,some college,none,3-5 hrs,53,57,66,48,54,49
male,high school,completed,5-10 hrs,49,54,46,62,55,61
male,some college,none,5-10 hrs,72,51,72,56,74,62
male,some college,completed,3-5 hrs,59,59,56,59,58,61
female,some high school,none,> 10 hrs,58,56,39,44,62,53
male,high school,none,0-3 hrs,74,76,88,77,80,67
male,some high school,none,0-3 hrs,64,62,60,63,63,45
female,some high school,none,5-10 hrs,71,63,74,59,81,64
male,master's degree,none,5-10 hrs,43,69,65,53,60,61
female,high school,none,0-3 hrs,59,42,43,38,45,38
female,bachelor's degree,none,3-5 hrs,78,81,61,72,81,72
female,high school,none,0-3 hrs,38,56,47,27,58,35
male,associate's degree,completed,3-5 hrs,55,65,62,59,73,69
male,associate's degree,none,5-10 hrs,51,42,52,63,48,50
male,some college,none,3-5 hrs,89,74,69,96,90,78
male,some college,completed,3-5 hrs,78,66,77,85,81,79
male,some college,none,3-5 hrs,67,57,59,62,73,54
male,high school,none,0-3 hrs,84,93,91,79,78,71
male,bachelor's degree,completed,3-5 hrs,66,57,57,60,64,64
female,bachelor's degree,none,5-10 hrs,76,76,71,83,77,76
male,master's degree,completed,> 10 hrs,59,51,69,43,60,70
female,some high school,completed,5-10 hrs,79,60,58,51,66,66
male,associate's degree,none,0-3 hrs,93,89,91,89,81,79
male,bachelor's degree,none,> 10 hrs,99,78,87,67,78,83
male,high school,none,5-10 hrs,59,69,69,57,86,67
female,some high school,none,5-10 hrs,47,51,55,28,51,44
female,associate's degree,none,3-5 hrs,36,68,46,43,52,50
female,some college,completed,3-5 hrs,67,63,55,45,70,59
female,bachelor's degree,none,3-5 hrs,61,68,64,83,68,61
male,some high school,none,0-3 hrs,66,54,52,47,58,48
female,associate's degree,completed,3-5 hrs,87,100,88,89,100,89
male,high school,completed,3-5 hrs,69,68,85,85,96,83
male,high school,none,3-5 hrs,68,79,72,77,77,68
female,high school,none,5-10 hrs,50,66,55,71,82,61
female,bachelor's degree,none,3-5 hrs,68,68,64,69,73,57
female,associate's degree,none,0-3 hrs,37,50,58,43,53,40
female,some college,none,> 10 hrs,66,67,65,58,86,70
female,some college,none,> 10 hrs,51,75,75,71,75,74
female,bachelor's degree,completed,5-10 hrs,47,77,38,40,49,65
female,some college,none,> 10 hrs,82,77,70,64,85,74
female,bachelor's degree,none,3-5 hrs,66,58,51,63,82,61
male,some college,none,> 10 hrs,35,40,31,45,46,47
female,some college,none,0-3 hrs,54,53,47,32,56,43
female,some college,completed,3-5 hrs,60,47,50,63,63,60
male,high school,completed,3-5 hrs,91,87,81,81,97,78
female,associate's degree,completed,0-3 hrs,60,79,67,74,85,69
male,some college,none,0-3 hrs,53,40,53,52,57,38
male,high school,none,5-10 hrs,49,81,66,82,76,66
female,bachelor's degree,none,5-10 hrs,41,52,31,55,61,53
male,some college,none,5-10 hrs,74,74,85,87,80,76
male,some college,none,0-3 hrs,64,60,50,69,71,55
male,bachelor's degree,completed,5-10 hrs,64,78,61,62,66,75
male,associate's degree,none,5-10 hrs,69,88,82,77,88,73
female,some high school,none,3-5 hrs,41,51,49,54,53,35
male,bachelor's degree,none,5-10 hrs,49,48,54,51,52,53
female,associate's degree,none,3-5 hrs,57,60,59,50,60,51
male,high school,none,3-5 hrs,72,75,68,77,91,64
male,some high school,completed,> 10 hrs,42,31,62,42,46,50
male,associate's degree,completed,3-5 hrs,36,49,30,18,30,37
male,associate's degree,completed,3-5 hrs,55,62,56,68,79,65
female,some college,none,> 10 hrs,70,76,77,68,83,77
female,bachelor's degree,none,5-10 hrs,96,80,79,95,67,81
male,associate's degree,none,0-3 hrs,48,55,60,39,60,49
male,high school,none,0-3 hrs,45,60,78,50,52,43
female,high school,completed,0-3 hrs,85,68,74,75,77,73
male,high school,none,5-10 hrs,37,62,38,49,25,43
male,associate's degree,none,3-5 hrs,57,52,59,60,64,55
male,some high school,none,0-3 hrs,61,61,73,66,64,50
female,some college,none,> 10 hrs,68,68,56,55,75,69
female,associate's degree,completed,3-5 hrs,71,71,41,43,52,60
female,bachelor's degree,none,3-5 hrs,71,67,58,64,70,59
male,high school,none,3-5 hrs,42,27,20,17,37,26
male,bachelor's degree,none,5-10 hrs,45,69,51,47,72,57
female,some high school,none,0-3 hrs,61,78,72,71,85,60
female,bachelor's degree,completed,3-5 hrs,30,59,44,39,63,49
female,some high school,completed,5-10 hrs,59,73,52,77,68,69
female,some college,completed,3-5 hrs,78,91,68,78,89,80
male,associate's degree,completed,3-5 hrs,65,80,65,41,55,64
female,some high school,none,3-5 hrs,65,63,51,53,62,55
male,high school,completed,0-3 hrs,53,68,58,26,57,52
female,associate's degree,none,0-3 hrs,57,67,67,50,83,55
male,associate's degree,none,3-5 hrs,73,78,77,75,75,68
female,associate's degree,completed,3-5 hrs,73,55,74,58,70,68
female,associate's degree,none,0-3 hrs,45,58,73,58,52,49
female,some college,completed,5-10 hrs,70,63,62,48,79,65
female,high school,none,> 10 hrs,81,82,72,77,85,77
male,high school,none,5-10 hrs,37,50,35,30,50,36
female,high school,completed,> 10 hrs,84,64,76,75,79,87
male,bachelor's degree,completed,3-5 hrs,83,62,71,56,61,69
male,some college,none,> 10 hrs,69,81,57,53,66,66
male,some college,none,0-3 hrs,82,79,70,63,84,65
male,some college,none,> 10 hrs,42,56,57,54,45,56
female,bachelor's degree,none,> 10 hrs,57,61,62,56,53,59
male,high school,none,5-10 hrs,65,66,56,68,63,60
male,some college,completed,> 10 hrs,57,55,60,54,57,67
male,some college,none,5-10 hrs,77,78,86,83,87,72
female,associate's degree,completed,3-5 hrs,56,47,64,33,62,54
female,some high school,none,3-5 hrs,70,66,56,51,63,52
female,bachelor's degree,none,5-10 hrs,71,69,73,63,70,68
female,bachelor's degree,completed,0-3 hrs,58,51,69,66,56,55
male,some college,none,5-10 hrs,58,58,63,63,58,62
male,associate's degree,none,> 10 hrs,74,68,67,80,74,74
female,bachelor's degree,none,0-3 hrs,63,71,64,62,67,56
male,associate's degree,completed,5-10 hrs,56,63,58,52,58,66
male,high school,completed,> 10 hrs,61,49,75,55,70,69
male,some college,none,> 10 hrs,38,54,46,45,45,52
female,associate's degree,none,> 10 hrs,63,69,64,55,74,67
female,some college,none,3-5 hrs,87,88,77,78,99,73
male,associate's degree,completed,> 10 hrs,67,80,71,59,76,82
female,bachelor's degree,completed,5-10 hrs,58,69,72,79,72,81
female,bachelor's degree,none,0-3 hrs,81,77,67,48,75,62
female,some college,none,3-5 hrs,54,42,52,57,61,50
female,some high school,none,5-10 hrs,79,85,71,72,95,72
female,master's degree,completed,3-5 hrs,55,74,66,49,68,62
male,bachelor's degree,completed,5-10 hrs,83,74,86,92,84,93
female,some high school,none,5-10 hrs,52,59,67,59,46,60
male,bachelor's degree,none,0-3 hrs,87,89,78,95,92,80
male,bachelor's degree,none,5-10 hrs,71,76,62,78,78,71
female,some college,completed,5-10 hrs,55,81,62,88,84,75
male,some college,none,3-5 hrs,64,72,55,69,75,56
male,some college,completed,0-3 hrs,59,75,70,56,76,59
male,some high school,none,0-3 hrs,84,73,89,78,79,65
female,high school,none,3-5 hrs,61,69,67,75,79,66
female,bachelor's degree,none,> 10 hrs,54,44,49,29,42,50
male,some high school,none,3-5 hrs,36,45,50,41,62,41
female,high school,none,5-10 hrs,73,72,60,55,57,65
female,some college,completed,3-5 hrs,66,89,64,43,75,67
female,some college,none,3-5 hrs,71,66,59,61,55,62
female,bachelor's degree,none,5-10 hrs,80,85,65,56,82,78
male,high school,none,5-10 hrs,50,44,41,38,49,44
male,high school,completed,0-3 hrs,63,63,64,71,68,60
female,associate's degree,completed,3-5 hrs,34,30,47,34,40,45
female,some college,none,0-3 hrs,85,70,72,86,85,65
male,high school,completed,3-5 hrs,62,54,60,45,68,55
male,some college,none,5-10 hrs,71,85,61,77,71,73
female,some high school,none,0-3 hrs,64,55,53,57,59,49
male,high school,completed,3-5 hrs,72,79,84,59,100,77
female,some college,completed,3-5 hrs,82,86,66,100,90,79
female,some college,completed,> 10 hrs,67,65,70,67,85,76
male,bachelor's degree,none,> 10 hrs,62,59,63,50,71,66
male,some college,none,0-3 hrs,72,74,64,53,78,55
female,some college,completed,5-10 hrs,44,66,49,50,44,57
female,associate's degree,none,3-5 hrs,69,81,75,69,75,69
male,some high school,none,3-5 hrs,95,88,73,81,86,75
female,associate's degree,none,5-10 hrs,84,80,78,70,69,77
male,high school,none,> 10 hrs,55,61,47,58,53,54
female,master's degree,none,> 10 hrs,71,72,75,61,60,71
male,some high school,completed,5-10 hrs,47,43,66,26,54,56
male,some college,none,3-5 hrs,82,74,62,66,82,66
male,some high school,none,5-10 hrs,68,63,72,42,83,66
female,master's degree,none,3-5 hrs,44,45,34,42,50,43
female,some college,completed,5-10 hrs,60,49,57,37,49,64
male,some college,none,3-5 hrs,55,83,49,59,53,55
female,some high school,none,5-10 hrs,73,63,63,70,54,64
male,associate's degree,completed,3-5 hrs,38,41,41,36,46,45
male,high school,completed,0-3 hrs,82,70,66,76,68,67
female,bachelor's degree,completed,> 10 hrs,65,74,57,59,71,80
female,high school,completed,0-3 hrs,60,78,67,76,60,68
male,high school,none,3-5 hrs,40,53,47,48,63,46
female,some high school,completed,3-5 hrs,73,66,80,65,80,70
female,some college,none,0-3 hrs,76,93,80,87,89,75
male,some college,completed,0-3 hrs,54,50,56,50,72,48
male,some high school,completed,0-3 hrs,56,56,56,45,54,46
female,associate's degree,completed,> 10 hrs,78,70,62,62,78,82
male,some college,completed,3-5 hrs,62,62,60,56,65,62
male,some college,none,> 10 hrs,65,70,73,72,65,72
female,some college,none,5-10 hrs,65,70,65,50,85,65
male,some college,completed,3-5 hrs,35,41,49,38,53,49
male,some college,completed,5-10 hrs,95,82,90,83,79,86
female,high school,none,3-5 hrs,59,69,57,63,69,57
female,high school,none,5-10 hrs,73,62,46,69,67,63
male,bachelor's degree,none,3-5 hrs,61,69,64,59,67,63
male,bachelor's degree,completed,3-5 hrs,64,73,58,58,73,74
female,some college,completed,> 10 hrs,52,49,57,46,51,64
female,high school,none,> 10 hrs,93,88,81,79,100,86
female,associate's degree,none,> 10 hrs,64,54,57,57,59,57
female,some college,completed,3-5 hrs,67,72,59,71,74,67
male,some high school,completed,5-10 hrs,75,82,83,65,75,78
female,high school,none,3-5 hrs,55,60,46,42,61,50
female,associate's degree,none,3-5 hrs,77,67,69,61,64,59
male,associate's degree,none,3-5 hrs,61,58,67,71,69,61
female,some high school,none,5-10 hrs,80,72,69,38,75,62
male,high school,none,0-3 hrs,52,45,37,39,39,33
female,high school,completed,3-5 hrs,66,74,61,60,58,64
female,associate's degree,completed,> 10 hrs,60,56,61,36,59,66
female,some high school,none,3-5 hrs,58,79,72,69,82,60
male,some high school,completed,0-3 hrs,49,73,66,71,75,56
male,associate's degree,none,0-3 hrs,59,57,55,58,65,49
female,high school,none,> 10 hrs,55,56,51,25,73,53
male,associate's degree,none,3-5 hrs,59,71,49,73,70,57
male,high school,none,3-5 hrs,56,58,54,42,55,48
male,some high school,completed,5-10 hrs,74,95,88,77,83,86
male,high school,completed,5-10 hrs,69,55,51,63,61,66
male,associate's degree,none,3-5 hrs,30,36,21,17,31,29
male,bachelor's degree,none,5-10 hrs,54,58,51,63,54,59
female,bachelor's degree,completed,5-10 hrs,60,47,56,44,64,63
female,some college,none,5-10 hrs,43,47,47,20,47,41
male,associate's degree,none,0-3 hrs,54,53,46,57,56,46
female,high school,completed,> 10 hrs,62,91,56,54,64,76
female,high school,none,3-5 hrs,75,81,79,68,88,72
female,bachelor's degree,none,3-5 hrs,69,61,54,60,68,61
female,some high school,none,3-5 hrs,57,61,56,56,61,48
male,some high school,completed,0-3 hrs,74,55,75,65,81,64
female,high school,none,0-3 hrs,57,60,47,60,70,49
female,some high school,none,5-10 hrs,41,58,42,39,61,50
male,high school,completed,0-3 hrs,47,59,61,39,43,51
male,some college,none,3-5 hrs,50,53,37,38,69,44
female,some college,completed,3-5 hrs,57,58,67,75,77,64
female,bachelor's degree,none,0-3 hrs,64,67,63,61,76,54
female,bachelor's degree,completed,> 10 hrs,71,59,60,70,63,77
female,high school,none,3-5 hrs,54,52,61,56,64,51
female,high school,none,3-5 hrs,41,58,44,44,54,39
female,some college,none,3-5 hrs,71,64,71,65,86,63
male,some college,none,3-5 hrs,45,47,44,43,56,44
female,high school,completed,0-3 hrs,66,68,61,76,73,61
female,associate's degree,completed,5-10 hrs,51,59,53,62,54,67
male,some college,none,> 10 hrs,59,72,51,55,68,62
male,some college,none,3-5 hrs,47,38,44,55,63,48
male,some college,completed,5-10 hrs,61,46,47,45,74,60
male,high school,completed,5-10 hrs,91,77,87,68,87,81
female,bachelor's degree,none,5-10 hrs,68,73,76,59,74,68
female,associate's degree,none,3-5 hrs,78,80,82,75,59,67
female,some high school,none,3-5 hrs,67,69,66,63,78,58
female,bachelor's degree,completed,3-5 hrs,44,52,35,55,56,53
female,some college,none,5-10 hrs,56,65,74,47,67,61
female,bachelor's degree,none,5-10 hrs,51,65,53,52,61,57
male,associate's degree,none,0-3 hrs,83,67,72,83,76,64
female,some college,completed,3-5 hrs,69,49,51,25,59,48
male,some high school,none,> 10 hrs,69,79,83,92,85,80
male,high school,none,5-10 hrs,72,70,73,68,85,69
female,some college,none,> 10 hrs,86,100,95,62,98,91
male,associate's degree,none,5-10 hrs,63,57,66,57,69,59
female,high school,none,3-5 hrs,75,75,62,69,75,57
male,some high school,none,5-10 hrs,100,98,84,87,96,86
female,bachelor's degree,none,5-10 hrs,38,54,63,63,63,58
male,master's degree,none,0-3 hrs,27,33,22,50,52,30
female,some college,none,3-5 hrs,38,41,39,41,54,34
female,high school,completed,5-10 hrs,82,83,60,74,83,84
female,high school,completed,0-3 hrs,29,41,36,37,61,44
female,some high school,none,5-10 hrs,36,55,56,74,80,49
female,bachelor's degree,completed,5-10 hrs,74,79,65,51,75,75
male,some high school,none,> 10 hrs,69,66,60,64,45,66
male,some college,none,0-3 hrs,61,68,59,66,83,54
male,high school,none,3-5 hrs,59,70,84,71,68,60
female,some college,none,5-10 hrs,72,88,93,67,79,74
male,associate's degree,completed,3-5 hrs,54,74,42,32,55,52
female,bachelor's degree,completed,5-10 hrs,51,65,67,54,58,63
female,high school,completed,5-10 hrs,59,67,50,54,65,68
male,some high school,none,0-3 hrs,52,72,73,85,69,51
male,some high school,none,3-5 hrs,68,69,73,59,73,59
female,bachelor's degree,none,3-5 hrs,61,72,63,77,77,67
male,bachelor's degree,none,3-5 hrs,77,82,85,98,88,73
female,some college,none,> 10 hrs,46,44,49,43,60,50
female,associate's degree,none,5-10 hrs,91,85,79,68,84,81
female,associate's degree,none,5-10 hrs,68,88,70,75,81,75
female,high school,none,5-10 hrs,74,78,64,69,75,66
female,bachelor's degree,completed,3-5 hrs,90,92,71,88,93,90
male,some college,completed,> 10 hrs,59,49,43,35,60,65
male,some college,completed,5-10 hrs,54,56,47,70,49,63
female,some college,none,5-10 hrs,58,54,52,41,59,50
female,some high school,none,> 10 hrs,59,66,82,52,69,64
male,high school,none,3-5 hrs,33,68,59,59,45,47
male,associate's degree,completed,5-10 hrs,80,76,71,47,85,77
female,some high school,none,0-3 hrs,81,81,78,75,90,68
male,associate's degree,none,3-5 hrs,82,67,86,100,81,70
female,high school,completed,3-5 hrs,57,93,70,64,79,67
male,some college,none,> 10 hrs,57,46,48,37,54,53
female,high school,none,> 10 hrs,69,53,41,50,56,55
male,some college,none,5-10 hrs,83,85,81,75,100,78
female,associate's degree,none,5-10 hrs,76,81,78,71,77,68
male,high school,none,5-10 hrs,64,74,57,67,74,64
male,some college,none,> 10 hrs,47,76,60,45,65,61
female,some college,none,3-5 hrs,51,46,35,53,32,41
male,associate's degree,none,3-5 hrs,47,45,48,50,42,43
female,bachelor's degree,completed,0-3 hrs,91,87,66,91,88,80
male,associate's degree,none,5-10 hrs,37,54,45,39,62,52
female,high school,none,5-10 hrs,57,85,73,76,77,65
male,some high school,none,3-5 hrs,88,67,70,70,88,67
female,high school,completed,0-3 hrs,47,61,48,48,48,43
male,some college,none,5-10 hrs,78,70,59,53,83,63
female,some high school,none,0-3 hrs,75,84,77,62,74,56
male,some college,completed,5-10 hrs,50,66,61,68,71,72
female,some college,completed,> 10 hrs,100,94,89,90,100,100
female,high school,none,3-5 hrs,40,52,53,32,48,40
female,associate's degree,completed,3-5 hrs,83,84,83,67,92,78
male,some high school,none,5-10 hrs,63,72,56,65,62,59
female,some high school,none,5-10 hrs,61,76,76,63,69,62
male,associate's degree,none,3-5 hrs,71,67,72,65,75,64
female,some college,none,> 10 hrs,73,45,59,52,58,57
male,associate's degree,completed,0-3 hrs,71,76,52,44,96,69
female,some college,none,3-5 hrs,42,48,48,23,52,34
male,high school,none,5-10 hrs,80,66,65,71,74,65
male,bachelor's degree,completed,> 10 hrs,70,66,63,57,66,81
female,associate's degree,completed,0-3 hrs,74,70,91,79,64,70
male,associate's degree,none,5-10 hrs,68,67,78,83,75,68
male,high school,none,5-10 hrs,71,64,64,72,75,66
female,some college,none,3-5 hrs,75,59,47,80,81,59
male,some college,completed,0-3 hrs,47,53,63,49,67,51
male,some high school,completed,> 10 hrs,67,52,43,58,63,62
male,bachelor's degree,completed,0-3 hrs,78,68,69,69,81,79
female,some high school,none,3-5 hrs,75,100,77,100,89,75
male,master's degree,none,3-5 hrs,70,74,71,77,63,60
female,some college,none,> 10 hrs,63,61,69,61,82,73
male,high school,none,5-10 hrs,60,58,50,54,57,56
male,some college,none,5-10 hrs,76,84,79,88,83,75
male,bachelor's degree,completed,3-5 hrs,72,84,66,67,62,69
female,associate's degree,none,5-10 hrs,92,83,87,77,91,84
male,bachelor's degree,none,5-10 hrs,56,65,53,59,65,59
male,associate's degree,completed,5-10 hrs,44,58,66,57,57,59
female,associate's degree,none,> 10 hrs,58,59,73,65,67,73
male,bachelor's degree,completed,0-3 hrs,80,80,74,60,83,71
female,high school,none,5-10 hrs,61,74,57,41,57,60
female,some college,none,0-3 hrs,50,77,58,52,66,54
male,high school,none,3-5 hrs,64,67,72,80,76,60
female,master's degree,none,3-5 hrs,65,81,62,67,75,68
male,bachelor's degree,completed,3-5 hrs,37,52,48,64,51,53
female,some high school,none,3-5 hrs,80,89,79,70,88,64
female,associate's degree,none,5-10 hrs,74,69,84,64,100,74
male,bachelor's degree,none,3-5 hrs,58,58,63,61,77,60
female,high school,none,5-10 hrs,65,61,54,61,64,57
female,some college,completed,3-5 hrs,74,74,70,75,84,74
female,bachelor's degree,none,0-3 hrs,71,51,53,42,57,51
female,some high school,completed,5-10 hrs,53,72,64,75,79,72
female,associate's degree,completed,3-5 hrs,48,49,44,54,49,50
male,high school,none,3-5 hrs,83,82,81,71,59,68
female,bachelor's degree,completed,5-10 hrs,40,61,39,54,44,59
male,master's degree,none,3-5 hrs,84,88,76,68,94,68
female,bachelor's degree,none,0-3 hrs,57,53,50,67,67,52
male,some college,none,3-5 hrs,63,75,66,68,60,60
male,bachelor's degree,completed,> 10 hrs,69,54,67,62,58,74
female,bachelor's degree,completed,5-10 hrs,66,70,57,57,53,72
female,high school,none,5-10 hrs,86,96,78,48,86,71
female,bachelor's degree,completed,5-10 hrs,31,40,44,24,55,51
male,some high school,none,0-3 hrs,68,70,82,70,90,56
female,some college,none,3-5 hrs,67,63,70,55,89,62
male,high school,none,5-10 hrs,60,63,38,47,61,58
male,some high school,completed,0-3 hrs,39,52,55,43,64,45
male,some high school,none,3-5 hrs,76,87,75,72,100,68
female,associate's degree,none,3-5 hrs,54,61,42,39,61,45
female,high school,none,3-5 hrs,43,58,46,40,54,43
male,associate's degree,none,> 10 hrs,72,82,71,85,90,77
male,some high school,none,0-3 hrs,65,69,65,58,84,56
female,high school,none,3-5 hrs,42,53,40,44,55,44
male,some college,completed,0-3 hrs,59,76,73,59,67,65
female,associate's degree,none,> 10 hrs,58,59,59,52,58,56
male,high school,none,0-3 hrs,67,78,60,78,89,64
female,associate's degree,none,3-5 hrs,64,88,83,43,88,69
male,bachelor's degree,completed,5-10 hrs,66,72,62,77,66,78
female,associate's degree,completed,5-10 hrs,75,64,74,79,87,82
male,high school,none,3-5 hrs,84,82,83,71,86,71
female,some high school,completed,3-5 hrs,61,59,63,51,68,63
female,bachelor's degree,none,3-5 hrs,51,50,47,42,49,51
male,some high school,none,3-5 hrs,56,82,78,58,94,60
male,bachelor's degree,none,3-5 hrs,93,85,78,88,96,83
female,some college,none,3-5 hrs,55,56,55,29,51,44
male,bachelor's degree,none,3-5 hrs,57,57,67,45,71,55
female,associate's degree,completed,3-5 hrs,78,69,73,81,80,72
male,master's degree,completed,5-10 hrs,55,54,80,51,68,70
female,some college,completed,> 10 hrs,62,53,46,61,64,65
female,associate's degree,none,5-10 hrs,79,78,84,78,77,74
female,some college,none,0-3 hrs,90,99,89,70,94,70
female,some college,completed,0-3 hrs,67,71,75,69,58,63
female,associate's degree,none,> 10 hrs,53,46,52,48,49,53
female,bachelor's degree,none,3-5 hrs,56,57,41,37,64,48
male,master's degree,none,0-3 hrs,59,71,76,66,84,57
male,associate's degree,completed,5-10 hrs,72,81,72,78,83,78
male,some college,none,5-10 hrs,78,72,57,73,87,71
female,some college,none,5-10 hrs,60,62,58,72,68,60
female,associate's degree,completed,3-5 hrs,65,61,60,58,61,67
female,high school,none,0-3 hrs,65,57,61,34,57,45
female,some high school,none,> 10 hrs,71,63,73,66,79,71
male,some college,none,3-5 hrs,81,73,84,100,79,78
male,high school,none,5-10 hrs,37,46,33,49,59,44
female,high school,completed,5-10 hrs,90,88,78,100,90,89
male,high school,none,5-10 hrs,73,83,67,81,81,75
male,some high school,none,3-5 hrs,85,77,78,80,94,72
female,some high school,completed,3-5 hrs,43,46,47,47,56,49
male,master's degree,completed,5-10 hrs,35,46,52,44,46,61
female,some college,completed,> 10 hrs,67,58,57,41,58,67
male,some college,none,> 10 hrs,54,70,70,67,77,69
female,associate's degree,none,0-3 hrs,84,94,84,94,90,75
female,high school,completed,0-3 hrs,81,67,64,63,79,63
female,bachelor's degree,completed,> 10 hrs,63,67,59,62,66,76
female,associate's degree,none,5-10 hrs,68,41,49,57,75,62
male,some high school,none,> 10 hrs,87,77,76,66,75,76
female,some college,none,3-5 hrs,48,52,51,44,44,43
female,bachelor's degree,completed,5-10 hrs,84,99,83,70,91,90
female,bachelor's degree,none,5-10 hrs,61,61,56,49,63,60
male,some college,none,5-10 hrs,71,68,92,67,91,76
female,associate's degree,none,3-5 hrs,65,59,61,60,82,61
male,high school,completed,0-3 hrs,58,65,55,73,77,60
female,master's degree,completed,5-10 hrs,42,65,79,45,53,68
male,high school,none,3-5 hrs,61,65,50,58,62,53
male,bachelor's degree,completed,3-5 hrs,68,73,57,61,78,67
female,associate's degree,completed,> 10 hrs,52,77,69,73,76,80
male,associate's degree,none,3-5 hrs,61,55,39,66,78,48
female,some college,none,5-10 hrs,68,72,59,67,74,67
female,high school,none,0-3 hrs,67,54,81,65,70,57
female,high school,completed,5-10 hrs,36,34,25,33,38,45
male,high school,none,> 10 hrs,75,58,52,54,71,62
male,high school,none,0-3 hrs,58,53,39,68,54,45
female,associate's degree,completed,0-3 hrs,53,52,56,39,60,56
female,some college,none,3-5 hrs,38,47,51,47,51,47
male,some high school,completed,0-3 hrs,45,45,37,50,39,41
female,master's degree,none,5-10 hrs,58,43,52,39,50,52
female,bachelor's degree,none,> 10 hrs,51,56,65,62,67,68
female,bachelor's degree,completed,3-5 hrs,100,78,100,92,95,87
male,master's degree,completed,3-5 hrs,54,71,54,71,67,66
male,high school,none,3-5 hrs,67,66,46,58,74,58
male,some college,completed,5-10 hrs,64,67,61,52,86,75
female,associate's degree,completed,0-3 hrs,68,81,61,57,73,66
female,associate's degree,none,5-10 hrs,50,56,59,62,66,54
female,high school,completed,5-10 hrs,46,43,47,47,49,54
male,bachelor's degree,none,5-10 hrs,73,75,89,74,89,76
female,high school,none,3-5 hrs,87,88,94,63,74,72
female,high school,none,5-10 hrs,52,50,41,45,48,44
female,some college,completed,0-3 hrs,57,60,59,68,56,54
female,some college,completed,0-3 hrs,42,84,62,62,57,52
male,some college,none,> 10 hrs,69,37,51,55,51,60
male,some high school,none,5-10 hrs,73,77,76,72,81,69
female,bachelor's degree,none,0-3 hrs,50,53,54,56,62,48
male,high school,none,3-5 hrs,92,88,100,96,96,82
male,some high school,completed,3-5 hrs,80,76,65,79,86,71
female,bachelor's degree,completed,3-5 hrs,62,62,61,60,73,63
female,master's degree,none,3-5 hrs,78,92,74,65,91,70
male,bachelor's degree,completed,0-3 hrs,73,87,79,71,84,73
female,bachelor's degree,none,3-5 hrs,54,60,66,57,53,55
male,associate's degree,completed,5-10 hrs,49,68,53,48,71,63
female,some college,completed,5-10 hrs,54,55,52,65,73,72
male,some high school,none,5-10 hrs,76,66,80,75,76,72
female,some college,none,0-3 hrs,71,51,70,71,62,56
male,some college,completed,> 10 hrs,50,42,28,54,53,58
male,high school,none,5-10 hrs,61,58,53,52,59,59
male,associate's degree,none,5-10 hrs,66,66,49,47,80,60
female,some college,none,5-10 hrs,59,67,56,56,66,59
male,some high school,none,> 10 hrs,95,79,79,85,87,82
male,high school,none,3-5 hrs,37,56,52,26,59,43
female,associate's degree,completed,3-5 hrs,63,74,70,80,82,76
female,some high school,completed,5-10 hrs,75,90,70,80,89,81
male,bachelor's degree,none,5-10 hrs,100,79,97,92,100,87
male,some college,completed,5-10 hrs,67,64,46,69,64,70
female,some college,none,3-5 hrs,74,63,71,60,77,63
female,some college,completed,0-3 hrs,80,70,63,73,84,68
female,bachelor's degree,completed,3-5 hrs,60,73,62,62,76,64
female,high school,none,> 10 hrs,66,66,65,57,67,64
female,associate's degree,completed,5-10 hrs,69,65,72,58,84,78
male,some college,none,3-5 hrs,41,36,43,47,23,40
female,high school,none,3-5 hrs,72,62,70,65,92,59
male,bachelor's degree,completed,3-5 hrs,63,77,66,69,59,68
male,associate's degree,none,> 10 hrs,66,62,56,39,62,60
male,associate's degree,none,5-10 hrs,96,100,89,97,94,93
female,bachelor's degree,none,5-10 hrs,51,54,58,63,60,58
male,bachelor's degree,completed,3-5 hrs,59,57,57,57,72,61
male,associate's degree,none,5-10 hrs,80,84,72,82,86,79
female,bachelor's degree,none,3-5 hrs,35,64,55,55,61,49
male,associate's degree,completed,5-10 hrs,60,54,59,77,59,65
male,associate's degree,completed,3-5 hrs,68,70,55,41,70,61
female,associate's degree,none,3-5 hrs,77,74,62,78,79,72
male,associate's degree,none,5-10 hrs,51,53,77,54,73,62
male,high school,none,> 10 hrs,46,46,51,45,50,51
male,bachelor's degree,none,0-3 hrs,40,51,54,52,60,43
female,bachelor's degree,none,5-10 hrs,68,59,46,49,64,59
female,some high school,completed,3-5 hrs,55,56,55,59,75,60
female,bachelor's degree,completed,3-5 hrs,80,79,78,54,70,75
male,some high school,none,0-3 hrs,77,71,69,76,68,58
male,high school,none,3-5 hrs,36,44,37,21,52,36
female,associate's degree,completed,3-5 hrs,68,85,79,79,82,78
male,high school,none,0-3 hrs,70,77,59,60,78,53
male,bachelor's degree,completed,3-5 hrs,74,83,91,65,80,77
female,bachelor's degree,none,> 10 hrs,71,66,79,68,62,66
female,some college,none,0-3 hrs,74,66,72,58,79,64
male,some high school,completed,5-10 hrs,56,67,63,66,70,71
male,high school,none,3-5 hrs,63,78,58,62,85,58
male,associate's degree,completed,5-10 hrs,73,74,57,71,71,74
female,master's degree,none,3-5 hrs,59,63,51,50,74,54
female,associate's degree,none,0-3 hrs,87,99,91,83,95,81
female,high school,completed,0-3 hrs,81,72,71,74,81,66
female,associate's degree,none,0-3 hrs,81,73,59,60,77,59
male,some college,completed,0-3 hrs,47,61,45,45,56,49
female,associate's degree,none,5-10 hrs,46,54,51,30,54,51
female,some high school,none,> 10 hrs,72,70,70,70,77,70
female,associate's degree,completed,5-10 hrs,55,63,49,80,66,64
female,some college,none,5-10 hrs,59,54,54,81,72,61
female,master's degree,none,0-3 hrs,71,61,53,63,70,53
male,high school,none,3-5 hrs,89,81,89,87,79,74
male,associate's degree,none,3-5 hrs,57,81,77,51,79,66
female,bachelor's degree,none,3-5 hrs,45,51,42,62,50,42
male,some high school,completed,3-5 hrs,56,54,55,67,73,58
female,bachelor's degree,completed,3-5 hrs,56,71,49,46,75,61
female,associate's degree,completed,3-5 hrs,64,64,40,68,59,61
male,some high school,completed,3-5 hrs,72,50,60,53,67,62
male,high school,completed,5-10 hrs,55,57,55,50,51,60
female,associate's degree,completed,5-10 hrs,45,52,55,50,58,62
female,some high school,none,3-5 hrs,72,79,52,48,62,52
female,some college,completed,> 10 hrs,60,51,51,64,58,68
male,high school,completed,> 10 hrs,39,39,15,15,27,44
female,associate's degree,none,3-5 hrs,91,100,79,75,99,77
female,some high school,none,3-5 hrs,68,75,66,64,90,65
female,bachelor's degree,none,3-5 hrs,49,60,66,64,65,56
male,master's degree,none,> 10 hrs,52,58,57,55,64,66
female,master's degree,completed,> 10 hrs,56,51,49,33,67,65
female,associate's degree,none,0-3 hrs,94,87,80,75,85,72
male,some high school,none,3-5 hrs,100,95,75,83,77,73
female,associate's degree,completed,5-10 hrs,73,77,63,51,75,74
female,some high school,none,3-5 hrs,86,73,80,61,74,65
male,some high school,none,0-3 hrs,62,53,55,84,79,55
female,high school,none,> 10 hrs,39,50,53,36,51,46
male,some college,completed,5-10 hrs,66,64,51,52,69,71
male,associate's degree,completed,5-10 hrs,69,70,60,58,81,68
female,associate's degree,none,> 10 hrs,60,58,61,51,56,59
female,some college,completed,5-10 hrs,65,65,55,64,63,68
female,high school,none,3-5 hrs,66,78,62,69,68,61
female,master's degree,completed,5-10 hrs,74,69,59,56,79,81
male,some college,completed,0-3 hrs,75,64,64,49,66,55
female,some college,completed,5-10 hrs,56,50,31,61,53,57
male,high school,none,0-3 hrs,63,57,39,51,64,38
female,associate's degree,completed,5-10 hrs,53,64,52,62,50,64
female,associate's degree,completed,3-5 hrs,73,77,83,50,82,74
female,high school,none,0-3 hrs,45,41,30,37,33,34
male,some high school,completed,0-3 hrs,67,76,74,94,99,75
female,associate's degree,none,0-3 hrs,90,92,81,74,77,73
female,associate's degree,completed,5-10 hrs,51,79,64,55,64,71
female,high school,none,5-10 hrs,36,39,15,32,38,32
female,master's degree,completed,3-5 hrs,53,63,51,51,79,60
male,high school,none,0-3 hrs,68,66,59,57,59,51
female,some college,none,0-3 hrs,52,35,56,45,71,38
male,bachelor's degree,none,0-3 hrs,46,66,76,48,69,56
male,some college,none,0-3 hrs,86,86,79,91,91,72
male,associate's degree,none,> 10 hrs,68,78,59,73,71,75
male,some college,none,3-5 hrs,60,50,55,52,62,48
male,high school,none,3-5 hrs,45,44,54,49,45,43
male,master's degree,none,0-3 hrs,64,59,59,54,74,55
female,some college,none,3-5 hrs,54,72,53,50,60,51
male,bachelor's degree,completed,3-5 hrs,66,69,76,60,75,70
male,high school,none,5-10 hrs,54,77,61,54,59,60
male,high school,completed,3-5 hrs,77,76,60,56,69,64
female,some high school,completed,0-3 hrs,100,80,89,79,98,77
female,associate's degree,completed,3-5 hrs,68,75,80,65,83,78
male,some college,none,3-5 hrs,73,61,71,81,77,66
female,bachelor's degree,completed,3-5 hrs,45,47,60,31,55,53
male,some college,none,> 10 hrs,51,75,55,54,73,69
male,master's degree,none,5-10 hrs,71,86,86,92,100,84
female,high school,none,5-10 hrs,46,63,45,54,59,56
male,bachelor's degree,completed,3-5 hrs,52,68,67,69,83,71
female,associate's degree,none,3-5 hrs,68,56,52,62,68,52
female,associate's degree,none,3-5 hrs,57,57,65,48,54,57
male,bachelor's degree,completed,5-10 hrs,51,57,44,22,51,59
male,associate's degree,completed,5-10 hrs,74,62,77,66,81,77
female,associate's degree,none,0-3 hrs,66,46,66,52,63,51
male,some high school,none,3-5 hrs,76,71,59,58,71,56
male,some high school,completed,3-5 hrs,58,59,67,49,67,62
male,bachelor's degree,none,> 10 hrs,70,82,90,93,84,78
female,associate's degree,none,5-10 hrs,62,62,59,74,63,60
female,associate's degree,none,3-5 hrs,80,92,77,83,92,79
male,some college,completed,0-3 hrs,36,48,39,35,52,41
female,some high school,completed,5-10 hrs,68,81,69,54,72,73
female,some high school,completed,0-3 hrs,63,60,63,71,77,57
female,associate's degree,completed,3-5 hrs,52,61,66,69,53,68
female,some college,none,0-3 hrs,72,77,69,63,84,64
female,high school,none,5-10 hrs,83,72,56,52,80,64
male,some college,none,3-5 hrs,31,28,39,41,51,34
male,some high school,none,3-5 hrs,67,67,66,76,74,63
male,some college,none,> 10 hrs,43,31,32,15,41,45
female,high school,completed,3-5 hrs,57,61,48,51,54,58
female,associate's degree,none,3-5 hrs,100,81,89,85,82,84
male,high school,completed,3-5 hrs,67,53,64,53,50,56
female,some college,none,0-3 hrs,60,48,51,39,48,38
male,some high school,none,5-10 hrs,51,73,57,68,65,55
male,some high school,none,0-3 hrs,95,91,87,81,96,74
male,some college,none,3-5 hrs,42,43,41,24,55,38
female,some college,completed,5-10 hrs,47,53,43,27,54,53
female,associate's degree,none,5-10 hrs,84,95,85,91,81,85
male,high school,none,5-10 hrs,94,83,88,89,82,84
male,associate's degree,none,3-5 hrs,67,76,74,60,72,58
male,bachelor's degree,none,0-3 hrs,43,53,58,41,64,43
male,associate's degree,none,5-10 hrs,96,90,82,80,100,87
female,some high school,completed,3-5 hrs,79,100,88,69,94,80
female,some college,completed,5-10 hrs,74,66,63,64,82,72
male,some high school,none,5-10 hrs,52,54,58,30,72,54
male,high school,completed,5-10 hrs,62,56,58,53,71,62
female,master's degree,none,3-5 hrs,69,72,52,55,72,59
female,some high school,none,3-5 hrs,60,84,69,71,71,62
male,some college,none,5-10 hrs,97,97,59,78,77,75
male,associate's degree,none,3-5 hrs,60,87,59,79,75,67
male,associate's degree,none,0-3 hrs,47,52,48,61,57,43
female,some college,none,> 10 hrs,84,80,80,88,86,87
female,some high school,none,> 10 hrs,73,57,63,69,87,68
female,high school,none,3-5 hrs,72,91,58,69,78,66
male,some college,none,0-3 hrs,82,88,74,68,95,70
male,some high school,completed,3-5 hrs,54,49,52,55,53,51
female,some college,none,5-10 hrs,62,77,67,77,67,61
female,some high school,none,> 10 hrs,69,52,56,58,54,60
male,some high school,none,3-5 hrs,52,51,53,61,45,45
female,some college,none,0-3 hrs,76,69,70,49,77,58
female,some high school,none,> 10 hrs,87,100,87,79,100,86
male,some college,none,3-5 hrs,42,44,38,47,54,39
female,associate's degree,none,3-5 hrs,62,55,51,63,70,61
male,bachelor's degree,none,> 10 hrs,64,75,69,81,75,71
male,high school,none,0-3 hrs,69,76,73,62,86,62
male,high school,none,5-10 hrs,59,65,67,50,67,57
male,some high school,none,0-3 hrs,54,57,58,43,62,42
male,associate's degree,none,3-5 hrs,59,61,63,48,69,54
male,associate's degree,none,5-10 hrs,69,57,64,40,65,56
male,some high school,completed,3-5 hrs,31,35,35,44,50,43
female,bachelor's degree,none,> 10 hrs,81,87,89,84,85,90
male,some high school,none,5-10 hrs,82,78,74,76,65,71
male,some college,none,3-5 hrs,61,73,69,44,70,57
female,associate's degree,completed,3-5 hrs,74,78,77,60,81,71
female,bachelor's degree,none,3-5 hrs,68,85,74,61,86,70
female,associate's degree,none,3-5 hrs,79,71,67,75,75,72
male,bachelor's degree,none,0-3 hrs,75,69,84,66,68,61
female,high school,none,3-5 hrs,56,63,58,46,61,49
male,bachelor's degree,none,3-5 hrs,78,78,68,77,88,69
male,some high school,none,5-10 hrs,75,68,83,58,76,65
male,bachelor's degree,completed,5-10 hrs,62,66,61,78,80,68
male,some college,none,5-10 hrs,43,43,49,38,53,47
female,bachelor's degree,completed,0-3 hrs,66,54,75,50,76,61
female,some college,completed,3-5 hrs,45,51,48,29,60,45
male,associate's degree,none,5-10 hrs,71,60,47,53,55,59
male,some college,none,3-5 hrs,50,46,55,45,44,40
male,associate's degree,none,0-3 hrs,58,54,35,33,60,39
female,some high school,none,5-10 hrs,92,100,86,98,96,90
male,some high school,none,5-10 hrs,73,91,80,83,81,71
male,high school,completed,3-5 hrs,87,100,83,83,81,79
female,high school,completed,0-3 hrs,56,55,35,59,59,51
female,bachelor's degree,none,5-10 hrs,64,77,76,68,68,73
male,high school,none,5-10 hrs,59,45,48,37,58,44
female,master's degree,completed,5-10 hrs,64,53,66,42,74,71
female,high school,completed,5-10 hrs,61,34,49,58,43,58
male,high school,completed,5-10 hrs,76,91,70,79,79,75
female,associate's degree,none,3-5 hrs,51,74,60,57,63,58
male,associate's degree,none,0-3 hrs,72,75,74,65,93,67
female,some college,none,5-10 hrs,73,72,60,74,65,65
male,some college,none,5-10 hrs,97,88,100,81,100,90
male,associate's degree,none,5-10 hrs,29,52,40,42,53,49
male,high school,none,0-3 hrs,80,91,63,90,84,67
female,master's degree,completed,0-3 hrs,80,66,87,68,82,73
male,master's degree,none,> 10 hrs,51,58,47,33,55,53
female,associate's degree,none,5-10 hrs,87,76,70,62,89,74
male,high school,none,> 10 hrs,72,71,52,74,66,69
male,associate's degree,none,5-10 hrs,72,67,74,60,69,66
female,some high school,none,5-10 hrs,53,55,42,49,57,42
male,some high school,none,5-10 hrs,63,57,54,47,56,56
male,high school,completed,> 10 hrs,100,89,94,90,100,99
female,some college,none,5-10 hrs,75,74,66,52,72,64
male,bachelor's degree,none,5-10 hrs,65,79,71,73,83,75
male,associate's degree,none,0-3 hrs,53,59,39,44,68,49
male,associate's degree,completed,3-5 hrs,52,47,47,42,50,44
male,some college,completed,5-10 hrs,81,76,77,67,95,84
female,high school,completed,3-5 hrs,54,57,40,41,36,44
female,some college,none,3-5 hrs,53,62,59,55,59,53
male,master's degree,none,3-5 hrs,65,72,68,63,67,63
female,some high school,none,3-5 hrs,50,82,72,25,75,54
male,bachelor's degree,none,3-5 hrs,74,73,51,50,69,57
female,some college,completed,3-5 hrs,65,72,85,61,73,65
male,some college,none,> 10 hrs,73,71,77,84,78,75
male,associate's degree,completed,3-5 hrs,71,55,71,59,71,68
male,some college,completed,0-3 hrs,62,53,59,50,47,56
male,bachelor's degree,none,0-3 hrs,38,60,78,72,71,51
male,bachelor's degree,completed,5-10 hrs,79,84,65,62,89,85
male,some college,none,3-5 hrs,74,76,71,75,91,66
female,high school,none,5-10 hrs,44,47,27,36,47,42
male,some college,none,5-10 hrs,83,56,68,60,79,65
female,bachelor's degree,none,5-10 hrs,34,35,42,29,44,41
male,high school,none,3-5 hrs,71,71,63,54,78,61
female,associate's degree,none,5-10 hrs,90,100,80,100,99,85
female,associate's degree,none,3-5 hrs,63,54,35,58,60,47
female,associate's degree,none,> 10 hrs,49,59,55,62,57,61
male,some high school,none,5-10 hrs,68,83,83,75,85,80
male,associate's degree,none,3-5 hrs,55,41,39,26,56,38
female,bachelor's degree,none,3-5 hrs,60,62,58,57,57,61
male,high school,none,0-3 hrs,59,68,57,78,67,59
female,high school,completed,5-10 hrs,53,66,59,44,60,62
male,master's degree,completed,3-5 hrs,65,65,57,67,77,69
female,high school,completed,5-10 hrs,80,78,65,76,86,78
female,bachelor's degree,completed,3-5 hrs,64,65,61,84,67,70
male,some college,none,5-10 hrs,44,75,63,60,65,55
female,high school,completed,5-10 hrs,65,79,61,45,74,69
male,bachelor's degree,none,5-10 hrs,59,63,56,61,66,66
female,some college,none,5-10 hrs,47,62,58,73,72,59
female,some college,completed,0-3 hrs,47,74,68,48,71,58
male,some college,none,0-3 hrs,65,67,48,34,75,43
male,some college,completed,5-10 hrs,63,60,75,59,62,71
male,high school,completed,3-5 hrs,51,32,44,44,66,51
female,some college,completed,3-5 hrs,75,77,57,60,70,68
male,master's degree,completed,0-3 hrs,60,63,45,60,62,58
female,high school,none,3-5 hrs,64,39,64,42,42,43
female,associate's degree,none,0-3 hrs,56,65,70,45,57,51
male,high school,none,> 10 hrs,67,82,58,83,71,72
male,associate's degree,none,3-5 hrs,61,87,81,60,81,67
female,some high school,none,5-10 hrs,57,69,59,45,56,55
female,master's degree,completed,0-3 hrs,67,70,69,76,67,72
male,some college,completed,5-10 hrs,76,74,66,63,80,79
male,high school,none,3-5 hrs,70,71,62,65,79,61
male,some high school,none,> 10 hrs,60,66,55,55,59,64
male,high school,none,> 10 hrs,72,61,60,73,77,70
male,some college,none,3-5 hrs,86,64,81,62,66,67
female,high school,completed,> 10 hrs,62,75,52,76,67,77
female,bachelor's degree,none,> 10 hrs,32,41,50,14,56,41
female,some college,none,5-10 hrs,68,79,64,70,72,71
female,high school,none,5-10 hrs,85,88,91,79,97,82
male,associate's degree,none,3-5 hrs,72,62,65,70,81,63
male,associate's degree,none,5-10 hrs,53,50,49,53,51,53
male,high school,none,0-3 hrs,64,71,74,58,80,55
female,high school,none,0-3 hrs,64,58,45,71,85,53
female,some high school,none,> 10 hrs,85,77,71,84,82,76
male,associate's degree,none,3-5 hrs,48,40,40,52,60,48
male,associate's degree,completed,5-10 hrs,68,81,61,59,71,74
female,some college,none,5-10 hrs,85,79,68,63,72,69
female,bachelor's degree,none,> 10 hrs,56,51,64,59,70,62
male,bachelor's degree,none,> 10 hrs,69,81,72,64,79,76
male,some college,completed,3-5 hrs,82,99,77,80,90,84
female,bachelor's degree,none,0-3 hrs,62,77,68,51,91,61
male,high school,completed,3-5 hrs,55,48,52,50,55,51
male,some high school,none,0-3 hrs,66,99,73,67,88,59
male,high school,none,0-3 hrs,70,55,69,51,66,52
female,some high school,none,3-5 hrs,58,68,70,54,77,61
female,some college,none,5-10 hrs,71,69,64,59,72,61
female,bachelor's degree,completed,5-10 hrs,72,75,54,23,71,72
female,some high school,none,3-5 hrs,86,84,72,68,87,69
female,some high school,none,5-10 hrs,66,62,57,51,57,55
female,some college,none,3-5 hrs,49,45,47,52,48,42
female,bachelor's degree,none,0-3 hrs,55,59,60,48,65,45
male,high school,none,5-10 hrs,78,61,70,60,60,65
male,some college,none,5-10 hrs,74,82,77,91,90,76
male,some high school,completed,5-10 hrs,63,69,70,78,83,73
male,some high school,none,0-3 hrs,60,44,53,59,62,47
male,master's degree,none,5-10 hrs,88,100,88,85,91,82
male,master's degree,completed,5-10 hrs,60,66,58,69,82,71
male,some high school,none,5-10 hrs,68,72,64,73,99,69
female,master's degree,completed,5-10 hrs,59,63,55,57,69,71
female,associate's degree,none,> 10 hrs,70,73,73,71,79,76
male,bachelor's degree,completed,5-10 hrs,77,63,67,65,81,77
male,some college,none,5-10 hrs,87,84,75,90,88,87
female,some college,completed,> 10 hrs,81,71,79,72,81,84
male,some college,completed,5-10 hrs,73,91,77,77,80,82
male,associate's degree,none,3-5 hrs,59,67,50,71,72,55
female,some high school,completed,5-10 hrs,62,56,64,64,79,69
male,some high school,none,3-5 hrs,79,65,76,50,64,59
female,high school,none,3-5 hrs,77,77,65,76,80,69
male,associate's degree,none,5-10 hrs,58,69,53,66,59,56
female,high school,none,> 10 hrs,69,79,85,82,93,79
female,associate's degree,none,> 10 hrs,70,82,79,67,83,79
female,master's degree,none,3-5 hrs,59,56,34,43,48,48
male,some high school,none,3-5 hrs,59,52,41,60,64,47
female,associate's degree,completed,3-5 hrs,67,62,59,51,80,67
male,some college,completed,> 10 hrs,67,54,57,61,78,71
male,bachelor's degree,none,> 10 hrs,69,68,53,70,65,73
male,high school,none,5-10 hrs,77,85,79,76,89,78
male,associate's degree,none,5-10 hrs,77,65,79,58,84,66
female,bachelor's degree,none,5-10 hrs,65,82,61,52,64,61
female,bachelor's degree,none,5-10 hrs,42,50,54,47,51,48
male,associate's degree,none,0-3 hrs,53,42,58,31,51,41
male,some college,none,3-5 hrs,71,77,77,61,65,58
female,associate's degree,completed,5-10 hrs,42,44,39,38,42,50
male,bachelor's degree,none,5-10 hrs,77,82,59,86,89,78
female,some college,none,3-5 hrs,62,61,64,65,72,57
male,some high school,none,> 10 hrs,100,100,100,92,100,94
male,bachelor's degree,none,0-3 hrs,100,92,90,100,98,79
female,associate's degree,none,3-5 hrs,68,69,74,55,71,63
male,associate's degree,none,5-10 hrs,64,50,68,47,63,56
female,high school,none,5-10 hrs,85,75,79,71,79,72
male,associate's degree,none,5-10 hrs,89,100,92,95,91,89
male,some college,completed,3-5 hrs,45,41,46,42,52,49
male,associate's degree,completed,0-3 hrs,41,40,21,39,50,40
female,some high school,none,5-10 hrs,56,55,51,69,61,53
male,associate's degree,none,5-10 hrs,46,64,79,53,74,61
male,master's degree,none,0-3 hrs,72,55,62,54,98,59
male,some high school,none,5-10 hrs,73,77,74,57,89,64
male,master's degree,none,3-5 hrs,63,53,40,50,58,49
female,some college,none,5-10 hrs,37,38,49,34,40,42
female,bachelor's degree,none,5-10 hrs,65,76,86,86,77,72
male,associate's degree,none,0-3 hrs,54,57,45,53,59,49
female,some college,none,0-3 hrs,32,50,39,32,47,36
male,associate's degree,completed,5-10 hrs,70,67,59,62,58,66
male,bachelor's degree,completed,5-10 hrs,76,71,77,71,68,83
male,some college,completed,5-10 hrs,71,63,65,42,64,67
female,high school,none,5-10 hrs,53,66,63,82,65,64
female,associate's degree,completed,5-10 hrs,63,76,63,64,66,71
female,bachelor's degree,none,> 10 hrs,49,57,82,58,75,71
female,associate's degree,completed,3-5 hrs,54,51,38,50,43,53
female,associate's degree,none,3-5 hrs,60,61,40,59,56,48
female,some college,completed,3-5 hrs,75,65,66,65,86,68
female,bachelor's degree,none,0-3 hrs,68,71,54,58,74,51
female,some high school,completed,5-10 hrs,70,57,53,69,78,70
female,some college,completed,3-5 hrs,65,40,43,52,72,58
male,some high school,none,> 10 hrs,60,67,53,50,62,61
female,high school,none,5-10 hrs,39,37,29,49,43,40
female,some college,completed,5-10 hrs,58,70,69,66,70,69
female,some college,none,3-5 hrs,75,84,76,85,73,67
female,associate's degree,completed,0-3 hrs,48,41,43,57,50,52
female,some college,none,0-3 hrs,66,59,63,54,69,50
female,some college,none,3-5 hrs,66,61,60,68,77,59
female,high school,none,0-3 hrs,78,93,75,84,89,66
female,some college,none,5-10 hrs,56,50,60,48,61,55
female,high school,completed,> 10 hrs,52,57,39,53,57,61
female,some high school,none,> 10 hrs,43,35,20,38,55,45
female,associate's degree,none,5-10 hrs,54,72,67,52,67,64
male,associate's degree,none,3-5 hrs,99,88,91,100,96,83
male,associate's degree,none,> 10 hrs,63,66,82,50,74,69
female,some college,completed,> 10 hrs,70,73,63,47,79,74
female,some college,completed,0-3 hrs,58,71,73,78,80,63
male,bachelor's degree,none,5-10 hrs,70,71,61,67,60,63
